"url","user","problem"
"https://www.hackerrank.com/rest/contests/master/challenges/solve-me-first/hackers/harshnikam4536/download_solution","harshnikam4536","solve-me-first"
"https://www.hackerrank.com/rest/contests/master/challenges/simple-array-sum/hackers/harshnikam4536/download_solution","harshnikam4536","simple-array-sum"
"https://www.hackerrank.com/rest/contests/master/challenges/compare-the-triplets/hackers/harshnikam4536/download_solution","harshnikam4536","compare-the-triplets"
"https://www.hackerrank.com/rest/contests/master/challenges/a-very-big-sum/hackers/harshnikam4536/download_solution","harshnikam4536","a-very-big-sum"
"https://www.hackerrank.com/rest/contests/master/challenges/diagonal-difference/hackers/harshnikam4536/download_solution","harshnikam4536","diagonal-difference"
"https://www.hackerrank.com/rest/contests/master/challenges/plus-minus/hackers/harshnikam4536/download_solution","harshnikam4536","plus-minus"
"https://www.hackerrank.com/rest/contests/master/challenges/staircase/hackers/harshnikam4536/download_solution","harshnikam4536","staircase"
"https://www.hackerrank.com/rest/contests/master/challenges/mini-max-sum/hackers/harshnikam4536/download_solution","harshnikam4536","mini-max-sum"
"https://www.hackerrank.com/rest/contests/master/challenges/birthday-cake-candles/hackers/harshnikam4536/download_solution","harshnikam4536","birthday-cake-candles"
"https://www.hackerrank.com/rest/contests/master/challenges/time-conversion/hackers/harshnikam4536/download_solution","harshnikam4536","time-conversion"
"https://www.hackerrank.com/rest/contests/master/challenges/grading/hackers/harshnikam4536/download_solution","harshnikam4536","grading"
"https://www.hackerrank.com/rest/contests/master/challenges/apple-and-orange/hackers/harshnikam4536/download_solution","harshnikam4536","apple-and-orange"
"https://www.hackerrank.com/rest/contests/master/challenges/kangaroo/hackers/harshnikam4536/download_solution","harshnikam4536","kangaroo"
"https://www.hackerrank.com/rest/contests/master/challenges/between-two-sets/hackers/harshnikam4536/download_solution","harshnikam4536","between-two-sets"
"https://www.hackerrank.com/rest/contests/master/challenges/breaking-best-and-worst-records/hackers/harshnikam4536/download_solution","harshnikam4536","breaking-best-and-worst-records"
"https://www.hackerrank.com/rest/contests/master/challenges/the-birthday-bar/hackers/harshnikam4536/download_solution","harshnikam4536","the-birthday-bar"
"https://www.hackerrank.com/rest/contests/master/challenges/divisible-sum-pairs/hackers/harshnikam4536/download_solution","harshnikam4536","divisible-sum-pairs"
"https://www.hackerrank.com/rest/contests/master/challenges/migratory-birds/hackers/harshnikam4536/download_solution","harshnikam4536","migratory-birds"
"https://www.hackerrank.com/rest/contests/master/challenges/day-of-the-programmer/hackers/harshnikam4536/download_solution","harshnikam4536","day-of-the-programmer"
"https://www.hackerrank.com/rest/contests/master/challenges/bon-appetit/hackers/harshnikam4536/download_solution","harshnikam4536","bon-appetit"
"https://www.hackerrank.com/rest/contests/master/challenges/sock-merchant/hackers/harshnikam4536/download_solution","harshnikam4536","sock-merchant"
"https://www.hackerrank.com/rest/contests/master/challenges/drawing-book/hackers/harshnikam4536/download_solution","harshnikam4536","drawing-book"
"https://www.hackerrank.com/rest/contests/master/challenges/counting-valleys/hackers/harshnikam4536/download_solution","harshnikam4536","counting-valleys"
"https://www.hackerrank.com/rest/contests/master/challenges/electronics-shop/hackers/harshnikam4536/download_solution","harshnikam4536","electronics-shop"
"https://www.hackerrank.com/rest/contests/master/challenges/cats-and-a-mouse/hackers/harshnikam4536/download_solution","harshnikam4536","cats-and-a-mouse"
"https://www.hackerrank.com/rest/contests/master/challenges/magic-square-forming/hackers/harshnikam4536/download_solution","harshnikam4536","magic-square-forming"
"https://www.hackerrank.com/rest/contests/master/challenges/picking-numbers/hackers/harshnikam4536/download_solution","harshnikam4536","picking-numbers"
"https://www.hackerrank.com/rest/contests/master/challenges/climbing-the-leaderboard/hackers/harshnikam4536/download_solution","harshnikam4536","climbing-the-leaderboard"
"https://www.hackerrank.com/rest/contests/master/challenges/the-hurdle-race/hackers/harshnikam4536/download_solution","harshnikam4536","the-hurdle-race"
"https://www.hackerrank.com/rest/contests/master/challenges/designer-pdf-viewer/hackers/harshnikam4536/download_solution","harshnikam4536","designer-pdf-viewer"
"https://www.hackerrank.com/rest/contests/master/challenges/utopian-tree/hackers/harshnikam4536/download_solution","harshnikam4536","utopian-tree"
"https://www.hackerrank.com/rest/contests/master/challenges/angry-professor/hackers/harshnikam4536/download_solution","harshnikam4536","angry-professor"
"https://www.hackerrank.com/rest/contests/master/challenges/beautiful-days-at-the-movies/hackers/harshnikam4536/download_solution","harshnikam4536","beautiful-days-at-the-movies"
"https://www.hackerrank.com/rest/contests/master/challenges/strange-advertising/hackers/harshnikam4536/download_solution","harshnikam4536","strange-advertising"
"https://www.hackerrank.com/rest/contests/master/challenges/save-the-prisoner/hackers/harshnikam4536/download_solution","harshnikam4536","save-the-prisoner"
"https://www.hackerrank.com/rest/contests/master/challenges/circular-array-rotation/hackers/harshnikam4536/download_solution","harshnikam4536","circular-array-rotation"
"https://www.hackerrank.com/rest/contests/master/challenges/permutation-equation/hackers/harshnikam4536/download_solution","harshnikam4536","permutation-equation"
"https://www.hackerrank.com/rest/contests/master/challenges/jumping-on-the-clouds-revisited/hackers/harshnikam4536/download_solution","harshnikam4536","jumping-on-the-clouds-revisited"
"https://www.hackerrank.com/rest/contests/master/challenges/find-digits/hackers/harshnikam4536/download_solution","harshnikam4536","find-digits"
"https://www.hackerrank.com/rest/contests/master/challenges/extra-long-factorials/hackers/harshnikam4536/download_solution","harshnikam4536","extra-long-factorials"
"https://www.hackerrank.com/rest/contests/master/challenges/append-and-delete/hackers/harshnikam4536/download_solution","harshnikam4536","append-and-delete"
"https://www.hackerrank.com/rest/contests/master/challenges/sherlock-and-squares/hackers/harshnikam4536/download_solution","harshnikam4536","sherlock-and-squares"
"https://www.hackerrank.com/rest/contests/master/challenges/library-fine/hackers/harshnikam4536/download_solution","harshnikam4536","library-fine"
"https://www.hackerrank.com/rest/contests/master/challenges/cut-the-sticks/hackers/harshnikam4536/download_solution","harshnikam4536","cut-the-sticks"
"https://www.hackerrank.com/rest/contests/master/challenges/non-divisible-subset/hackers/harshnikam4536/download_solution","harshnikam4536","non-divisible-subset"
"https://www.hackerrank.com/rest/contests/master/challenges/repeated-string/hackers/harshnikam4536/download_solution","harshnikam4536","repeated-string"
"https://www.hackerrank.com/rest/contests/master/challenges/jumping-on-the-clouds/hackers/harshnikam4536/download_solution","harshnikam4536","jumping-on-the-clouds"
"https://www.hackerrank.com/rest/contests/master/challenges/equality-in-a-array/hackers/harshnikam4536/download_solution","harshnikam4536","equality-in-a-array"
"https://www.hackerrank.com/rest/contests/master/challenges/queens-attack-2/hackers/harshnikam4536/download_solution","harshnikam4536","queens-attack-2"
"https://www.hackerrank.com/rest/contests/master/challenges/acm-icpc-team/hackers/harshnikam4536/download_solution","harshnikam4536","acm-icpc-team"
"https://www.hackerrank.com/rest/contests/master/challenges/taum-and-bday/hackers/harshnikam4536/download_solution","harshnikam4536","taum-and-bday"
"https://www.hackerrank.com/rest/contests/master/challenges/organizing-containers-of-balls/hackers/harshnikam4536/download_solution","harshnikam4536","organizing-containers-of-balls"
"https://www.hackerrank.com/rest/contests/master/challenges/encryption/hackers/harshnikam4536/download_solution","harshnikam4536","encryption"
"https://www.hackerrank.com/rest/contests/master/challenges/bigger-is-greater/hackers/harshnikam4536/download_solution","harshnikam4536","bigger-is-greater"
"https://www.hackerrank.com/rest/contests/master/challenges/kaprekar-numbers/hackers/harshnikam4536/download_solution","harshnikam4536","kaprekar-numbers"
"https://www.hackerrank.com/rest/contests/master/challenges/beautiful-triplets/hackers/harshnikam4536/download_solution","harshnikam4536","beautiful-triplets"
"https://www.hackerrank.com/rest/contests/master/challenges/minimum-distances/hackers/harshnikam4536/download_solution","harshnikam4536","minimum-distances"
"https://www.hackerrank.com/rest/contests/master/challenges/halloween-sale/hackers/harshnikam4536/download_solution","harshnikam4536","halloween-sale"
"https://www.hackerrank.com/rest/contests/master/challenges/the-time-in-words/hackers/harshnikam4536/download_solution","harshnikam4536","the-time-in-words"
"https://www.hackerrank.com/rest/contests/master/challenges/chocolate-feast/hackers/harshnikam4536/download_solution","harshnikam4536","chocolate-feast"
"https://www.hackerrank.com/rest/contests/master/challenges/service-lane/hackers/harshnikam4536/download_solution","harshnikam4536","service-lane"
"https://www.hackerrank.com/rest/contests/master/challenges/lisa-workbook/hackers/harshnikam4536/download_solution","harshnikam4536","lisa-workbook"
"https://www.hackerrank.com/rest/contests/master/challenges/flatland-space-stations/hackers/harshnikam4536/download_solution","harshnikam4536","flatland-space-stations"
"https://www.hackerrank.com/rest/contests/master/challenges/fair-rations/hackers/harshnikam4536/download_solution","harshnikam4536","fair-rations"
"https://www.hackerrank.com/rest/contests/master/challenges/cavity-map/hackers/harshnikam4536/download_solution","harshnikam4536","cavity-map"
"https://www.hackerrank.com/rest/contests/master/challenges/manasa-and-stones/hackers/harshnikam4536/download_solution","harshnikam4536","manasa-and-stones"
"https://www.hackerrank.com/rest/contests/master/challenges/the-grid-search/hackers/harshnikam4536/download_solution","harshnikam4536","the-grid-search"
"https://www.hackerrank.com/rest/contests/master/challenges/happy-ladybugs/hackers/harshnikam4536/download_solution","harshnikam4536","happy-ladybugs"
"https://www.hackerrank.com/rest/contests/master/challenges/strange-code/hackers/harshnikam4536/download_solution","harshnikam4536","strange-code"
"https://www.hackerrank.com/rest/contests/master/challenges/3d-surface-area/hackers/harshnikam4536/download_solution","harshnikam4536","3d-surface-area"
"https://www.hackerrank.com/rest/contests/master/challenges/absolute-permutation/hackers/harshnikam4536/download_solution","harshnikam4536","absolute-permutation"
"https://www.hackerrank.com/rest/contests/master/challenges/bomber-man/hackers/harshnikam4536/download_solution","harshnikam4536","bomber-man"
"https://www.hackerrank.com/rest/contests/master/challenges/two-pluses/hackers/harshnikam4536/download_solution","harshnikam4536","two-pluses"
"https://www.hackerrank.com/rest/contests/master/challenges/larrys-array/hackers/harshnikam4536/download_solution","harshnikam4536","larrys-array"
"https://www.hackerrank.com/rest/contests/master/challenges/almost-sorted/hackers/harshnikam4536/download_solution","harshnikam4536","almost-sorted"
"https://www.hackerrank.com/rest/contests/master/challenges/matrix-rotation-algo/hackers/harshnikam4536/download_solution","harshnikam4536","matrix-rotation-algo"
"https://www.hackerrank.com/rest/contests/master/challenges/big-sorting/hackers/harshnikam4536/download_solution","harshnikam4536","big-sorting"
"https://www.hackerrank.com/rest/contests/master/challenges/reduced-string/hackers/harshnikam4536/download_solution","harshnikam4536","reduced-string"
"https://www.hackerrank.com/rest/contests/master/challenges/tutorial-intro/hackers/harshnikam4536/download_solution","harshnikam4536","tutorial-intro"
"https://www.hackerrank.com/rest/contests/master/challenges/camelcase/hackers/harshnikam4536/download_solution","harshnikam4536","camelcase"
"https://www.hackerrank.com/rest/contests/master/challenges/insertionsort1/hackers/harshnikam4536/download_solution","harshnikam4536","insertionsort1"
"https://www.hackerrank.com/rest/contests/master/challenges/strong-password/hackers/harshnikam4536/download_solution","harshnikam4536","strong-password"
"https://www.hackerrank.com/rest/contests/master/challenges/two-characters/hackers/harshnikam4536/download_solution","harshnikam4536","two-characters"
"https://www.hackerrank.com/rest/contests/master/challenges/insertionsort2/hackers/harshnikam4536/download_solution","harshnikam4536","insertionsort2"
"https://www.hackerrank.com/rest/contests/master/challenges/correctness-invariant/hackers/harshnikam4536/download_solution","harshnikam4536","correctness-invariant"
"https://www.hackerrank.com/rest/contests/master/challenges/caesar-cipher-1/hackers/harshnikam4536/download_solution","harshnikam4536","caesar-cipher-1"
"https://www.hackerrank.com/rest/contests/master/challenges/mars-exploration/hackers/harshnikam4536/download_solution","harshnikam4536","mars-exploration"
"https://www.hackerrank.com/rest/contests/master/challenges/runningtime/hackers/harshnikam4536/download_solution","harshnikam4536","runningtime"
"https://www.hackerrank.com/rest/contests/master/challenges/hackerrank-in-a-string/hackers/harshnikam4536/download_solution","harshnikam4536","hackerrank-in-a-string"
"https://www.hackerrank.com/rest/contests/master/challenges/quicksort1/hackers/harshnikam4536/download_solution","harshnikam4536","quicksort1"
"https://www.hackerrank.com/rest/contests/master/challenges/pangrams/hackers/harshnikam4536/download_solution","harshnikam4536","pangrams"
"https://www.hackerrank.com/rest/contests/master/challenges/weighted-uniform-string/hackers/harshnikam4536/download_solution","harshnikam4536","weighted-uniform-string"
"https://www.hackerrank.com/rest/contests/master/challenges/separate-the-numbers/hackers/harshnikam4536/download_solution","harshnikam4536","separate-the-numbers"
"https://www.hackerrank.com/rest/contests/master/challenges/funny-string/hackers/harshnikam4536/download_solution","harshnikam4536","funny-string"
"https://www.hackerrank.com/rest/contests/master/challenges/countingsort1/hackers/harshnikam4536/download_solution","harshnikam4536","countingsort1"
"https://www.hackerrank.com/rest/contests/master/challenges/countingsort2/hackers/harshnikam4536/download_solution","harshnikam4536","countingsort2"
"https://www.hackerrank.com/rest/contests/master/challenges/gem-stones/hackers/harshnikam4536/download_solution","harshnikam4536","gem-stones"
"https://www.hackerrank.com/rest/contests/master/challenges/alternating-characters/hackers/harshnikam4536/download_solution","harshnikam4536","alternating-characters"
"https://www.hackerrank.com/rest/contests/master/challenges/countingsort4/hackers/harshnikam4536/download_solution","harshnikam4536","countingsort4"
"https://www.hackerrank.com/rest/contests/master/challenges/beautiful-binary-string/hackers/harshnikam4536/download_solution","harshnikam4536","beautiful-binary-string"
"https://www.hackerrank.com/rest/contests/master/challenges/closest-numbers/hackers/harshnikam4536/download_solution","harshnikam4536","closest-numbers"
"https://www.hackerrank.com/rest/contests/master/challenges/the-love-letter-mystery/hackers/harshnikam4536/download_solution","harshnikam4536","the-love-letter-mystery"
"https://www.hackerrank.com/rest/contests/master/challenges/find-the-median/hackers/harshnikam4536/download_solution","harshnikam4536","find-the-median"
"https://www.hackerrank.com/rest/contests/master/challenges/determining-dna-health/hackers/harshnikam4536/download_solution","harshnikam4536","determining-dna-health"
"https://www.hackerrank.com/rest/contests/master/challenges/insertion-sort/hackers/harshnikam4536/download_solution","harshnikam4536","insertion-sort"
"https://www.hackerrank.com/rest/contests/master/challenges/palindrome-index/hackers/harshnikam4536/download_solution","harshnikam4536","palindrome-index"
"https://www.hackerrank.com/rest/contests/master/challenges/fraudulent-activity-notifications/hackers/harshnikam4536/download_solution","harshnikam4536","fraudulent-activity-notifications"
"https://www.hackerrank.com/rest/contests/master/challenges/anagram/hackers/harshnikam4536/download_solution","harshnikam4536","anagram"
"https://www.hackerrank.com/rest/contests/master/challenges/making-anagrams/hackers/harshnikam4536/download_solution","harshnikam4536","making-anagrams"
"https://www.hackerrank.com/rest/contests/master/challenges/lilys-homework/hackers/harshnikam4536/download_solution","harshnikam4536","lilys-homework"
"https://www.hackerrank.com/rest/contests/master/challenges/game-of-thrones/hackers/harshnikam4536/download_solution","harshnikam4536","game-of-thrones"
"https://www.hackerrank.com/rest/contests/master/challenges/two-strings/hackers/harshnikam4536/download_solution","harshnikam4536","two-strings"
"https://www.hackerrank.com/rest/contests/master/challenges/string-construction/hackers/harshnikam4536/download_solution","harshnikam4536","string-construction"
"https://www.hackerrank.com/rest/contests/master/challenges/sherlock-and-valid-string/hackers/harshnikam4536/download_solution","harshnikam4536","sherlock-and-valid-string"
"https://www.hackerrank.com/rest/contests/master/challenges/richie-rich/hackers/harshnikam4536/download_solution","harshnikam4536","richie-rich"
"https://www.hackerrank.com/rest/contests/master/challenges/maximum-palindromes/hackers/harshnikam4536/download_solution","harshnikam4536","maximum-palindromes"
"https://www.hackerrank.com/rest/contests/master/challenges/sherlock-and-anagrams/hackers/harshnikam4536/download_solution","harshnikam4536","sherlock-and-anagrams"
"https://www.hackerrank.com/rest/contests/master/challenges/common-child/hackers/harshnikam4536/download_solution","harshnikam4536","common-child"
"https://www.hackerrank.com/rest/contests/master/challenges/bear-and-steady-gene/hackers/harshnikam4536/download_solution","harshnikam4536","bear-and-steady-gene"
"https://www.hackerrank.com/rest/contests/master/challenges/morgan-and-a-string/hackers/harshnikam4536/download_solution","harshnikam4536","morgan-and-a-string"
"https://www.hackerrank.com/rest/contests/master/challenges/count-strings/hackers/harshnikam4536/download_solution","harshnikam4536","count-strings"
"https://www.hackerrank.com/rest/contests/master/challenges/string-function-calculation/hackers/harshnikam4536/download_solution","harshnikam4536","string-function-calculation"
"https://www.hackerrank.com/rest/contests/master/challenges/challenging-palindromes/hackers/harshnikam4536/download_solution","harshnikam4536","challenging-palindromes"
"https://www.hackerrank.com/rest/contests/master/challenges/build-a-string/hackers/harshnikam4536/download_solution","harshnikam4536","build-a-string"
"https://www.hackerrank.com/rest/contests/master/challenges/gridland-provinces/hackers/harshnikam4536/download_solution","harshnikam4536","gridland-provinces"
"https://www.hackerrank.com/rest/contests/master/challenges/cards-permutation/hackers/harshnikam4536/download_solution","harshnikam4536","cards-permutation"
"https://www.hackerrank.com/rest/contests/master/challenges/ashton-and-string/hackers/harshnikam4536/download_solution","harshnikam4536","ashton-and-string"
"https://www.hackerrank.com/rest/contests/master/challenges/string-similarity/hackers/harshnikam4536/download_solution","harshnikam4536","string-similarity"
"https://www.hackerrank.com/rest/contests/master/challenges/super-functional-strings/hackers/harshnikam4536/download_solution","harshnikam4536","super-functional-strings"
"https://www.hackerrank.com/rest/contests/master/challenges/circular-palindromes/hackers/harshnikam4536/download_solution","harshnikam4536","circular-palindromes"
"https://www.hackerrank.com/rest/contests/master/challenges/similar-strings/hackers/harshnikam4536/download_solution","harshnikam4536","similar-strings"
"https://www.hackerrank.com/rest/contests/master/challenges/save-humanity/hackers/harshnikam4536/download_solution","harshnikam4536","save-humanity"
"https://www.hackerrank.com/rest/contests/master/challenges/find-strings/hackers/harshnikam4536/download_solution","harshnikam4536","find-strings"
"https://www.hackerrank.com/rest/contests/master/challenges/palindromic-border/hackers/harshnikam4536/download_solution","harshnikam4536","palindromic-border"
"https://www.hackerrank.com/rest/contests/master/challenges/two-two/hackers/harshnikam4536/download_solution","harshnikam4536","two-two"
"https://www.hackerrank.com/rest/contests/master/challenges/two-strings-game/hackers/harshnikam4536/download_solution","harshnikam4536","two-strings-game"
"https://www.hackerrank.com/rest/contests/master/challenges/letter-islands/hackers/harshnikam4536/download_solution","harshnikam4536","letter-islands"
"https://www.hackerrank.com/rest/contests/master/challenges/pseudo-isomorphic-substrings/hackers/harshnikam4536/download_solution","harshnikam4536","pseudo-isomorphic-substrings"
"https://www.hackerrank.com/rest/contests/master/challenges/how-many-substrings/hackers/harshnikam4536/download_solution","harshnikam4536","how-many-substrings"
"https://www.hackerrank.com/rest/contests/master/challenges/hackerland-radio-transmitters/hackers/harshnikam4536/download_solution","harshnikam4536","hackerland-radio-transmitters"
"https://www.hackerrank.com/rest/contests/master/challenges/gridland-metro/hackers/harshnikam4536/download_solution","harshnikam4536","gridland-metro"
"https://www.hackerrank.com/rest/contests/master/challenges/icecream-parlor/hackers/harshnikam4536/download_solution","harshnikam4536","icecream-parlor"
"https://www.hackerrank.com/rest/contests/master/challenges/knightl-on-chessboard/hackers/harshnikam4536/download_solution","harshnikam4536","knightl-on-chessboard"
"https://www.hackerrank.com/rest/contests/master/challenges/minimum-loss/hackers/harshnikam4536/download_solution","harshnikam4536","minimum-loss"
"https://www.hackerrank.com/rest/contests/master/challenges/missing-numbers/hackers/harshnikam4536/download_solution","harshnikam4536","missing-numbers"
"https://www.hackerrank.com/rest/contests/master/challenges/pairs/hackers/harshnikam4536/download_solution","harshnikam4536","pairs"
"https://www.hackerrank.com/rest/contests/master/challenges/sherlock-and-array/hackers/harshnikam4536/download_solution","harshnikam4536","sherlock-and-array"
"https://www.hackerrank.com/rest/contests/master/challenges/maximum-subarray-sum/hackers/harshnikam4536/download_solution","harshnikam4536","maximum-subarray-sum"
"https://www.hackerrank.com/rest/contests/master/challenges/connected-cell-in-a-grid/hackers/harshnikam4536/download_solution","harshnikam4536","connected-cell-in-a-grid"
"https://www.hackerrank.com/rest/contests/master/challenges/short-palindrome/hackers/harshnikam4536/download_solution","harshnikam4536","short-palindrome"
"https://www.hackerrank.com/rest/contests/master/challenges/maximizing-mission-points/hackers/harshnikam4536/download_solution","harshnikam4536","maximizing-mission-points"
"https://www.hackerrank.com/rest/contests/master/challenges/count-luck/hackers/harshnikam4536/download_solution","harshnikam4536","count-luck"
"https://www.hackerrank.com/rest/contests/master/challenges/cut-the-tree/hackers/harshnikam4536/download_solution","harshnikam4536","cut-the-tree"
"https://www.hackerrank.com/rest/contests/master/challenges/making-candies/hackers/harshnikam4536/download_solution","harshnikam4536","making-candies"
"https://www.hackerrank.com/rest/contests/master/challenges/gena/hackers/harshnikam4536/download_solution","harshnikam4536","gena"
"https://www.hackerrank.com/rest/contests/master/challenges/xor-quadruples/hackers/harshnikam4536/download_solution","harshnikam4536","xor-quadruples"
"https://www.hackerrank.com/rest/contests/master/challenges/red-knights-shortest-path/hackers/harshnikam4536/download_solution","harshnikam4536","red-knights-shortest-path"
"https://www.hackerrank.com/rest/contests/master/challenges/bike-racers/hackers/harshnikam4536/download_solution","harshnikam4536","bike-racers"
"https://www.hackerrank.com/rest/contests/master/challenges/task-scheduling/hackers/harshnikam4536/download_solution","harshnikam4536","task-scheduling"
"https://www.hackerrank.com/rest/contests/master/challenges/similarpair/hackers/harshnikam4536/download_solution","harshnikam4536","similarpair"
"https://www.hackerrank.com/rest/contests/master/challenges/playing-with-numbers/hackers/harshnikam4536/download_solution","harshnikam4536","playing-with-numbers"
"https://www.hackerrank.com/rest/contests/master/challenges/almost-integer-rock-garden/hackers/harshnikam4536/download_solution","harshnikam4536","almost-integer-rock-garden"
"https://www.hackerrank.com/rest/contests/master/challenges/sorted-subsegments/hackers/harshnikam4536/download_solution","harshnikam4536","sorted-subsegments"
"https://www.hackerrank.com/rest/contests/master/challenges/distant-pairs/hackers/harshnikam4536/download_solution","harshnikam4536","distant-pairs"
"https://www.hackerrank.com/rest/contests/master/challenges/king-richards-knights/hackers/harshnikam4536/download_solution","harshnikam4536","king-richards-knights"
"https://www.hackerrank.com/rest/contests/master/challenges/frog-in-maze/hackers/harshnikam4536/download_solution","harshnikam4536","frog-in-maze"
"https://www.hackerrank.com/rest/contests/master/challenges/torque-and-development/hackers/harshnikam4536/download_solution","harshnikam4536","torque-and-development"
"https://www.hackerrank.com/rest/contests/master/challenges/journey-to-the-moon/hackers/harshnikam4536/download_solution","harshnikam4536","journey-to-the-moon"
"https://www.hackerrank.com/rest/contests/master/challenges/synchronous-shopping/hackers/harshnikam4536/download_solution","harshnikam4536","synchronous-shopping"
"https://www.hackerrank.com/rest/contests/master/challenges/subset-component/hackers/harshnikam4536/download_solution","harshnikam4536","subset-component"
"https://www.hackerrank.com/rest/contests/master/challenges/bfsshortreach/hackers/harshnikam4536/download_solution","harshnikam4536","bfsshortreach"
"https://www.hackerrank.com/rest/contests/master/challenges/kruskalmstrsub/hackers/harshnikam4536/download_solution","harshnikam4536","kruskalmstrsub"
"https://www.hackerrank.com/rest/contests/master/challenges/even-tree/hackers/harshnikam4536/download_solution","harshnikam4536","even-tree"
"https://www.hackerrank.com/rest/contests/master/challenges/the-quickest-way-up/hackers/harshnikam4536/download_solution","harshnikam4536","the-quickest-way-up"
"https://www.hackerrank.com/rest/contests/master/challenges/dijkstrashortreach/hackers/harshnikam4536/download_solution","harshnikam4536","dijkstrashortreach"
"https://www.hackerrank.com/rest/contests/master/challenges/the-story-of-a-tree/hackers/harshnikam4536/download_solution","harshnikam4536","the-story-of-a-tree"
"https://www.hackerrank.com/rest/contests/master/challenges/primsmstsub/hackers/harshnikam4536/download_solution","harshnikam4536","primsmstsub"
"https://www.hackerrank.com/rest/contests/master/challenges/toll-cost-digits/hackers/harshnikam4536/download_solution","harshnikam4536","toll-cost-digits"
"https://www.hackerrank.com/rest/contests/master/challenges/real-estate-broker/hackers/harshnikam4536/download_solution","harshnikam4536","real-estate-broker"
"https://www.hackerrank.com/rest/contests/master/challenges/clique/hackers/harshnikam4536/download_solution","harshnikam4536","clique"
"https://www.hackerrank.com/rest/contests/master/challenges/beautiful-path/hackers/harshnikam4536/download_solution","harshnikam4536","beautiful-path"
"https://www.hackerrank.com/rest/contests/master/challenges/borrowing-money/hackers/harshnikam4536/download_solution","harshnikam4536","borrowing-money"
"https://www.hackerrank.com/rest/contests/master/challenges/value-of-friendship/hackers/harshnikam4536/download_solution","harshnikam4536","value-of-friendship"
"https://www.hackerrank.com/rest/contests/master/challenges/coprime-paths/hackers/harshnikam4536/download_solution","harshnikam4536","coprime-paths"
"https://www.hackerrank.com/rest/contests/master/challenges/minimum-mst-graph/hackers/harshnikam4536/download_solution","harshnikam4536","minimum-mst-graph"
"https://www.hackerrank.com/rest/contests/master/challenges/jack-goes-to-rapture/hackers/harshnikam4536/download_solution","harshnikam4536","jack-goes-to-rapture"
"https://www.hackerrank.com/rest/contests/master/challenges/crab-graphs/hackers/harshnikam4536/download_solution","harshnikam4536","crab-graphs"
"https://www.hackerrank.com/rest/contests/master/challenges/beadornaments/hackers/harshnikam4536/download_solution","harshnikam4536","beadornaments"
"https://www.hackerrank.com/rest/contests/master/challenges/jeanies-route/hackers/harshnikam4536/download_solution","harshnikam4536","jeanies-route"
"https://www.hackerrank.com/rest/contests/master/challenges/floyd-city-of-blinding-lights/hackers/harshnikam4536/download_solution","harshnikam4536","floyd-city-of-blinding-lights"
"https://www.hackerrank.com/rest/contests/master/challenges/johnland/hackers/harshnikam4536/download_solution","harshnikam4536","johnland"
"https://www.hackerrank.com/rest/contests/master/challenges/kingdom-connectivity/hackers/harshnikam4536/download_solution","harshnikam4536","kingdom-connectivity"
"https://www.hackerrank.com/rest/contests/master/challenges/computer-game/hackers/harshnikam4536/download_solution","harshnikam4536","computer-game"
"https://www.hackerrank.com/rest/contests/master/challenges/rust-murderer/hackers/harshnikam4536/download_solution","harshnikam4536","rust-murderer"
"https://www.hackerrank.com/rest/contests/master/challenges/problem-solving/hackers/harshnikam4536/download_solution","harshnikam4536","problem-solving"
"https://www.hackerrank.com/rest/contests/master/challenges/journey-scheduling/hackers/harshnikam4536/download_solution","harshnikam4536","journey-scheduling"
"https://www.hackerrank.com/rest/contests/master/challenges/matrix/hackers/harshnikam4536/download_solution","harshnikam4536","matrix"
"https://www.hackerrank.com/rest/contests/master/challenges/episode-recording/hackers/harshnikam4536/download_solution","harshnikam4536","episode-recording"
"https://www.hackerrank.com/rest/contests/master/challenges/repair-roads/hackers/harshnikam4536/download_solution","harshnikam4536","repair-roads"
"https://www.hackerrank.com/rest/contests/master/challenges/kth-ancestor/hackers/harshnikam4536/download_solution","harshnikam4536","kth-ancestor"
"https://www.hackerrank.com/rest/contests/master/challenges/bytelandian-tours/hackers/harshnikam4536/download_solution","harshnikam4536","bytelandian-tours"
"https://www.hackerrank.com/rest/contests/master/challenges/shortest-path/hackers/harshnikam4536/download_solution","harshnikam4536","shortest-path"
"https://www.hackerrank.com/rest/contests/master/challenges/savita-and-friends/hackers/harshnikam4536/download_solution","harshnikam4536","savita-and-friends"
"https://www.hackerrank.com/rest/contests/master/challenges/liars/hackers/harshnikam4536/download_solution","harshnikam4536","liars"
"https://www.hackerrank.com/rest/contests/master/challenges/jumping-rooks/hackers/harshnikam4536/download_solution","harshnikam4536","jumping-rooks"
"https://www.hackerrank.com/rest/contests/master/challenges/tripartite-matching/hackers/harshnikam4536/download_solution","harshnikam4536","tripartite-matching"
"https://www.hackerrank.com/rest/contests/master/challenges/tree-flow/hackers/harshnikam4536/download_solution","harshnikam4536","tree-flow"
"https://www.hackerrank.com/rest/contests/master/challenges/dag-queries/hackers/harshnikam4536/download_solution","harshnikam4536","dag-queries"
"https://www.hackerrank.com/rest/contests/master/challenges/favourite-sequence/hackers/harshnikam4536/download_solution","harshnikam4536","favourite-sequence"
"https://www.hackerrank.com/rest/contests/master/challenges/cat-jogging/hackers/harshnikam4536/download_solution","harshnikam4536","cat-jogging"
"https://www.hackerrank.com/rest/contests/master/challenges/quadrant-queries/hackers/harshnikam4536/download_solution","harshnikam4536","quadrant-queries"
"https://www.hackerrank.com/rest/contests/master/challenges/hacker-country/hackers/harshnikam4536/download_solution","harshnikam4536","hacker-country"
"https://www.hackerrank.com/rest/contests/master/challenges/missile-defend/hackers/harshnikam4536/download_solution","harshnikam4536","missile-defend"
"https://www.hackerrank.com/rest/contests/master/challenges/huarongdao/hackers/harshnikam4536/download_solution","harshnikam4536","huarongdao"
"https://www.hackerrank.com/rest/contests/master/challenges/training-the-army/hackers/harshnikam4536/download_solution","harshnikam4536","training-the-army"
"https://www.hackerrank.com/rest/contests/master/challenges/jim-and-his-lan-party/hackers/harshnikam4536/download_solution","harshnikam4536","jim-and-his-lan-party"
"https://www.hackerrank.com/rest/contests/master/challenges/travel-in-hackerland/hackers/harshnikam4536/download_solution","harshnikam4536","travel-in-hackerland"
"https://www.hackerrank.com/rest/contests/master/challenges/alex-vs-fedor/hackers/harshnikam4536/download_solution","harshnikam4536","alex-vs-fedor"
"https://www.hackerrank.com/rest/contests/master/challenges/vertical-paths/hackers/harshnikam4536/download_solution","harshnikam4536","vertical-paths"
"https://www.hackerrank.com/rest/contests/master/challenges/drive/hackers/harshnikam4536/download_solution","harshnikam4536","drive"
"https://www.hackerrank.com/rest/contests/master/challenges/tsp-grid/hackers/harshnikam4536/download_solution","harshnikam4536","tsp-grid"
"https://www.hackerrank.com/rest/contests/master/challenges/road-network/hackers/harshnikam4536/download_solution","harshnikam4536","road-network"
"https://www.hackerrank.com/rest/contests/master/challenges/going-office/hackers/harshnikam4536/download_solution","harshnikam4536","going-office"
"https://www.hackerrank.com/rest/contests/master/challenges/tree-splitting/hackers/harshnikam4536/download_solution","harshnikam4536","tree-splitting"
"https://www.hackerrank.com/rest/contests/master/challenges/ticket/hackers/harshnikam4536/download_solution","harshnikam4536","ticket"
"https://www.hackerrank.com/rest/contests/master/challenges/dfs-edges/hackers/harshnikam4536/download_solution","harshnikam4536","dfs-edges"
"https://www.hackerrank.com/rest/contests/master/challenges/diameter-minimization/hackers/harshnikam4536/download_solution","harshnikam4536","diameter-minimization"
"https://www.hackerrank.com/rest/contests/master/challenges/airports/hackers/harshnikam4536/download_solution","harshnikam4536","airports"
"https://www.hackerrank.com/rest/contests/master/challenges/definite-random-walks/hackers/harshnikam4536/download_solution","harshnikam4536","definite-random-walks"
"https://www.hackerrank.com/rest/contests/master/challenges/minimum-absolute-difference-in-an-array/hackers/harshnikam4536/download_solution","harshnikam4536","minimum-absolute-difference-in-an-array"
"https://www.hackerrank.com/rest/contests/master/challenges/marcs-cakewalk/hackers/harshnikam4536/download_solution","harshnikam4536","marcs-cakewalk"
"https://www.hackerrank.com/rest/contests/master/challenges/grid-challenge/hackers/harshnikam4536/download_solution","harshnikam4536","grid-challenge"
"https://www.hackerrank.com/rest/contests/master/challenges/luck-balance/hackers/harshnikam4536/download_solution","harshnikam4536","luck-balance"
"https://www.hackerrank.com/rest/contests/master/challenges/maximum-perimeter-triangle/hackers/harshnikam4536/download_solution","harshnikam4536","maximum-perimeter-triangle"
"https://www.hackerrank.com/rest/contests/master/challenges/beautiful-pairs/hackers/harshnikam4536/download_solution","harshnikam4536","beautiful-pairs"
"https://www.hackerrank.com/rest/contests/master/challenges/candies/hackers/harshnikam4536/download_solution","harshnikam4536","candies"
"https://www.hackerrank.com/rest/contests/master/challenges/sherlock-and-the-beast/hackers/harshnikam4536/download_solution","harshnikam4536","sherlock-and-the-beast"
"https://www.hackerrank.com/rest/contests/master/challenges/priyanka-and-toys/hackers/harshnikam4536/download_solution","harshnikam4536","priyanka-and-toys"
"https://www.hackerrank.com/rest/contests/master/challenges/largest-permutation/hackers/harshnikam4536/download_solution","harshnikam4536","largest-permutation"
"https://www.hackerrank.com/rest/contests/master/challenges/mark-and-toys/hackers/harshnikam4536/download_solution","harshnikam4536","mark-and-toys"
"https://www.hackerrank.com/rest/contests/master/challenges/greedy-florist/hackers/harshnikam4536/download_solution","harshnikam4536","greedy-florist"
"https://www.hackerrank.com/rest/contests/master/challenges/angry-children/hackers/harshnikam4536/download_solution","harshnikam4536","angry-children"
"https://www.hackerrank.com/rest/contests/master/challenges/jim-and-the-orders/hackers/harshnikam4536/download_solution","harshnikam4536","jim-and-the-orders"
"https://www.hackerrank.com/rest/contests/master/challenges/two-arrays/hackers/harshnikam4536/download_solution","harshnikam4536","two-arrays"
"https://www.hackerrank.com/rest/contests/master/challenges/board-cutting/hackers/harshnikam4536/download_solution","harshnikam4536","board-cutting"
"https://www.hackerrank.com/rest/contests/master/challenges/reverse-shuffle-merge/hackers/harshnikam4536/download_solution","harshnikam4536","reverse-shuffle-merge"
"https://www.hackerrank.com/rest/contests/master/challenges/pylons/hackers/harshnikam4536/download_solution","harshnikam4536","pylons"
"https://www.hackerrank.com/rest/contests/master/challenges/cloudy-day/hackers/harshnikam4536/download_solution","harshnikam4536","cloudy-day"
"https://www.hackerrank.com/rest/contests/master/challenges/chief-hopper/hackers/harshnikam4536/download_solution","harshnikam4536","chief-hopper"
"https://www.hackerrank.com/rest/contests/master/challenges/sherlock-and-minimax/hackers/harshnikam4536/download_solution","harshnikam4536","sherlock-and-minimax"
"https://www.hackerrank.com/rest/contests/master/challenges/accessory-collection/hackers/harshnikam4536/download_solution","harshnikam4536","accessory-collection"
"https://www.hackerrank.com/rest/contests/master/challenges/team-formation/hackers/harshnikam4536/download_solution","harshnikam4536","team-formation"
"https://www.hackerrank.com/rest/contests/master/challenges/fighting-pits/hackers/harshnikam4536/download_solution","harshnikam4536","fighting-pits"
"https://www.hackerrank.com/rest/contests/master/challenges/lena-sort/hackers/harshnikam4536/download_solution","harshnikam4536","lena-sort"
"https://www.hackerrank.com/rest/contests/master/challenges/coin-change/hackers/harshnikam4536/download_solution","harshnikam4536","coin-change"
"https://www.hackerrank.com/rest/contests/master/challenges/equal/hackers/harshnikam4536/download_solution","harshnikam4536","equal"
"https://www.hackerrank.com/rest/contests/master/challenges/flipping-the-matrix/hackers/harshnikam4536/download_solution","harshnikam4536","flipping-the-matrix"
"https://www.hackerrank.com/rest/contests/master/challenges/sherlock-and-cost/hackers/harshnikam4536/download_solution","harshnikam4536","sherlock-and-cost"
"https://www.hackerrank.com/rest/contests/master/challenges/an-interesting-game-1/hackers/harshnikam4536/download_solution","harshnikam4536","an-interesting-game-1"
"https://www.hackerrank.com/rest/contests/master/challenges/new-year-chaos/hackers/harshnikam4536/download_solution","harshnikam4536","new-year-chaos"
"https://www.hackerrank.com/rest/contests/master/challenges/construct-the-array/hackers/harshnikam4536/download_solution","harshnikam4536","construct-the-array"
"https://www.hackerrank.com/rest/contests/master/challenges/bonetrousle/hackers/harshnikam4536/download_solution","harshnikam4536","bonetrousle"
"https://www.hackerrank.com/rest/contests/master/challenges/kingdom-division/hackers/harshnikam4536/download_solution","harshnikam4536","kingdom-division"
"https://www.hackerrank.com/rest/contests/master/challenges/kmp-problem/hackers/harshnikam4536/download_solution","harshnikam4536","kmp-problem"
"https://www.hackerrank.com/rest/contests/master/challenges/sam-and-substrings/hackers/harshnikam4536/download_solution","harshnikam4536","sam-and-substrings"
"https://www.hackerrank.com/rest/contests/master/challenges/beautiful-3-set/hackers/harshnikam4536/download_solution","harshnikam4536","beautiful-3-set"
"https://www.hackerrank.com/rest/contests/master/challenges/fibonacci-modified/hackers/harshnikam4536/download_solution","harshnikam4536","fibonacci-modified"
"https://www.hackerrank.com/rest/contests/master/challenges/inverse-rmq/hackers/harshnikam4536/download_solution","harshnikam4536","inverse-rmq"
"https://www.hackerrank.com/rest/contests/master/challenges/abbr/hackers/harshnikam4536/download_solution","harshnikam4536","abbr"
"https://www.hackerrank.com/rest/contests/master/challenges/two-subarrays/hackers/harshnikam4536/download_solution","harshnikam4536","two-subarrays"
"https://www.hackerrank.com/rest/contests/master/challenges/prime-xor/hackers/harshnikam4536/download_solution","harshnikam4536","prime-xor"
"https://www.hackerrank.com/rest/contests/master/challenges/lovely-triplets/hackers/harshnikam4536/download_solution","harshnikam4536","lovely-triplets"
"https://www.hackerrank.com/rest/contests/master/challenges/array-construction/hackers/harshnikam4536/download_solution","harshnikam4536","array-construction"
"https://www.hackerrank.com/rest/contests/master/challenges/decibinary-numbers/hackers/harshnikam4536/download_solution","harshnikam4536","decibinary-numbers"
"https://www.hackerrank.com/rest/contests/master/challenges/fair-cut/hackers/harshnikam4536/download_solution","harshnikam4536","fair-cut"
"https://www.hackerrank.com/rest/contests/master/challenges/maxsubarray/hackers/harshnikam4536/download_solution","harshnikam4536","maxsubarray"
"https://www.hackerrank.com/rest/contests/master/challenges/angry-children-2/hackers/harshnikam4536/download_solution","harshnikam4536","angry-children-2"
"https://www.hackerrank.com/rest/contests/master/challenges/sherlocks-array-merging-algorithm/hackers/harshnikam4536/download_solution","harshnikam4536","sherlocks-array-merging-algorithm"
"https://www.hackerrank.com/rest/contests/master/challenges/prime-digit-sums/hackers/harshnikam4536/download_solution","harshnikam4536","prime-digit-sums"
"https://www.hackerrank.com/rest/contests/master/challenges/hr-city/hackers/harshnikam4536/download_solution","harshnikam4536","hr-city"
"https://www.hackerrank.com/rest/contests/master/challenges/summing-pieces/hackers/harshnikam4536/download_solution","harshnikam4536","summing-pieces"
"https://www.hackerrank.com/rest/contests/master/challenges/mr-k-marsh/hackers/harshnikam4536/download_solution","harshnikam4536","mr-k-marsh"
"https://www.hackerrank.com/rest/contests/master/challenges/substring-diff/hackers/harshnikam4536/download_solution","harshnikam4536","substring-diff"
"https://www.hackerrank.com/rest/contests/master/challenges/xor-and-sum/hackers/harshnikam4536/download_solution","harshnikam4536","xor-and-sum"
"https://www.hackerrank.com/rest/contests/master/challenges/lego-blocks/hackers/harshnikam4536/download_solution","harshnikam4536","lego-blocks"
"https://www.hackerrank.com/rest/contests/master/challenges/brick-tiling/hackers/harshnikam4536/download_solution","harshnikam4536","brick-tiling"
"https://www.hackerrank.com/rest/contests/master/challenges/alien-languages/hackers/harshnikam4536/download_solution","harshnikam4536","alien-languages"
"https://www.hackerrank.com/rest/contests/master/challenges/stockmax/hackers/harshnikam4536/download_solution","harshnikam4536","stockmax"
"https://www.hackerrank.com/rest/contests/master/challenges/two-robots/hackers/harshnikam4536/download_solution","harshnikam4536","two-robots"
"https://www.hackerrank.com/rest/contests/master/challenges/cuttree/hackers/harshnikam4536/download_solution","harshnikam4536","cuttree"
"https://www.hackerrank.com/rest/contests/master/challenges/taras-beautiful-permutations/hackers/harshnikam4536/download_solution","harshnikam4536","taras-beautiful-permutations"
"https://www.hackerrank.com/rest/contests/master/challenges/wet-shark-and-two-subsequences/hackers/harshnikam4536/download_solution","harshnikam4536","wet-shark-and-two-subsequences"
"https://www.hackerrank.com/rest/contests/master/challenges/array-splitting/hackers/harshnikam4536/download_solution","harshnikam4536","array-splitting"
"https://www.hackerrank.com/rest/contests/master/challenges/choosing-white-balls/hackers/harshnikam4536/download_solution","harshnikam4536","choosing-white-balls"
"https://www.hackerrank.com/rest/contests/master/challenges/mandragora/hackers/harshnikam4536/download_solution","harshnikam4536","mandragora"
"https://www.hackerrank.com/rest/contests/master/challenges/red-john-is-back/hackers/harshnikam4536/download_solution","harshnikam4536","red-john-is-back"
"https://www.hackerrank.com/rest/contests/master/challenges/tutzki-and-lcs/hackers/harshnikam4536/download_solution","harshnikam4536","tutzki-and-lcs"
"https://www.hackerrank.com/rest/contests/master/challenges/grid-walking/hackers/harshnikam4536/download_solution","harshnikam4536","grid-walking"
"https://www.hackerrank.com/rest/contests/master/challenges/matrix-land/hackers/harshnikam4536/download_solution","harshnikam4536","matrix-land"
"https://www.hackerrank.com/rest/contests/master/challenges/unbounded-knapsack/hackers/harshnikam4536/download_solution","harshnikam4536","unbounded-knapsack"
"https://www.hackerrank.com/rest/contests/master/challenges/play-game/hackers/harshnikam4536/download_solution","harshnikam4536","play-game"
"https://www.hackerrank.com/rest/contests/master/challenges/longest-increasing-subsequent/hackers/harshnikam4536/download_solution","harshnikam4536","longest-increasing-subsequent"
"https://www.hackerrank.com/rest/contests/master/challenges/coin-on-the-table/hackers/harshnikam4536/download_solution","harshnikam4536","coin-on-the-table"
"https://www.hackerrank.com/rest/contests/master/challenges/dynamic-programming-classics-the-longest-common-subsequence/hackers/harshnikam4536/download_solution","harshnikam4536","dynamic-programming-classics-the-longest-common-subsequence"
"https://www.hackerrank.com/rest/contests/master/challenges/strplay/hackers/harshnikam4536/download_solution","harshnikam4536","strplay"
"https://www.hackerrank.com/rest/contests/master/challenges/black-n-white-tree-1/hackers/harshnikam4536/download_solution","harshnikam4536","black-n-white-tree-1"
"https://www.hackerrank.com/rest/contests/master/challenges/counting-special-sub-cubes/hackers/harshnikam4536/download_solution","harshnikam4536","counting-special-sub-cubes"
"https://www.hackerrank.com/rest/contests/master/challenges/interval-selection/hackers/harshnikam4536/download_solution","harshnikam4536","interval-selection"
"https://www.hackerrank.com/rest/contests/master/challenges/string-reduction/hackers/harshnikam4536/download_solution","harshnikam4536","string-reduction"
"https://www.hackerrank.com/rest/contests/master/challenges/far-vertices/hackers/harshnikam4536/download_solution","harshnikam4536","far-vertices"
"https://www.hackerrank.com/rest/contests/master/challenges/counting-road-networks/hackers/harshnikam4536/download_solution","harshnikam4536","counting-road-networks"
"https://www.hackerrank.com/rest/contests/master/challenges/superman-celebrates-diwali/hackers/harshnikam4536/download_solution","harshnikam4536","superman-celebrates-diwali"
"https://www.hackerrank.com/rest/contests/master/challenges/hexagonal-grid/hackers/harshnikam4536/download_solution","harshnikam4536","hexagonal-grid"
"https://www.hackerrank.com/rest/contests/master/challenges/queens-on-board/hackers/harshnikam4536/download_solution","harshnikam4536","queens-on-board"
"https://www.hackerrank.com/rest/contests/master/challenges/shashank-and-palindromic-strings/hackers/harshnikam4536/download_solution","harshnikam4536","shashank-and-palindromic-strings"
"https://www.hackerrank.com/rest/contests/master/challenges/points-in-a-plane/hackers/harshnikam4536/download_solution","harshnikam4536","points-in-a-plane"
"https://www.hackerrank.com/rest/contests/master/challenges/turn-off-the-lights/hackers/harshnikam4536/download_solution","harshnikam4536","turn-off-the-lights"
"https://www.hackerrank.com/rest/contests/master/challenges/animal-transport/hackers/harshnikam4536/download_solution","harshnikam4536","animal-transport"
"https://www.hackerrank.com/rest/contests/master/challenges/the-indian-job/hackers/harshnikam4536/download_solution","harshnikam4536","the-indian-job"
"https://www.hackerrank.com/rest/contests/master/challenges/requirement/hackers/harshnikam4536/download_solution","harshnikam4536","requirement"
"https://www.hackerrank.com/rest/contests/master/challenges/a-super-hero/hackers/harshnikam4536/download_solution","harshnikam4536","a-super-hero"
"https://www.hackerrank.com/rest/contests/master/challenges/clues-on-a-binary-path/hackers/harshnikam4536/download_solution","harshnikam4536","clues-on-a-binary-path"
"https://www.hackerrank.com/rest/contests/master/challenges/road-maintenance/hackers/harshnikam4536/download_solution","harshnikam4536","road-maintenance"
"https://www.hackerrank.com/rest/contests/master/challenges/billboards/hackers/harshnikam4536/download_solution","harshnikam4536","billboards"
"https://www.hackerrank.com/rest/contests/master/challenges/beautiful-string/hackers/harshnikam4536/download_solution","harshnikam4536","beautiful-string"
"https://www.hackerrank.com/rest/contests/master/challenges/covering-the-stains/hackers/harshnikam4536/download_solution","harshnikam4536","covering-the-stains"
"https://www.hackerrank.com/rest/contests/master/challenges/gcd-matrix/hackers/harshnikam4536/download_solution","harshnikam4536","gcd-matrix"
"https://www.hackerrank.com/rest/contests/master/challenges/fairy-chess/hackers/harshnikam4536/download_solution","harshnikam4536","fairy-chess"
"https://www.hackerrank.com/rest/contests/master/challenges/suffix-rotation/hackers/harshnikam4536/download_solution","harshnikam4536","suffix-rotation"
"https://www.hackerrank.com/rest/contests/master/challenges/newyear-present/hackers/harshnikam4536/download_solution","harshnikam4536","newyear-present"
"https://www.hackerrank.com/rest/contests/master/challenges/travel-around-the-world/hackers/harshnikam4536/download_solution","harshnikam4536","travel-around-the-world"
"https://www.hackerrank.com/rest/contests/master/challenges/longest-palindromic-subsequence/hackers/harshnikam4536/download_solution","harshnikam4536","longest-palindromic-subsequence"
"https://www.hackerrank.com/rest/contests/master/challenges/candles-2/hackers/harshnikam4536/download_solution","harshnikam4536","candles-2"
"https://www.hackerrank.com/rest/contests/master/challenges/hyper-strings/hackers/harshnikam4536/download_solution","harshnikam4536","hyper-strings"
"https://www.hackerrank.com/rest/contests/master/challenges/swappermutation/hackers/harshnikam4536/download_solution","harshnikam4536","swappermutation"
"https://www.hackerrank.com/rest/contests/master/challenges/extremum-permutations/hackers/harshnikam4536/download_solution","harshnikam4536","extremum-permutations"
"https://www.hackerrank.com/rest/contests/master/challenges/square-subsequences/hackers/harshnikam4536/download_solution","harshnikam4536","square-subsequences"
"https://www.hackerrank.com/rest/contests/master/challenges/dorsey-thief/hackers/harshnikam4536/download_solution","harshnikam4536","dorsey-thief"
"https://www.hackerrank.com/rest/contests/master/challenges/mining/hackers/harshnikam4536/download_solution","harshnikam4536","mining"
"https://www.hackerrank.com/rest/contests/master/challenges/police-operation/hackers/harshnikam4536/download_solution","harshnikam4536","police-operation"
"https://www.hackerrank.com/rest/contests/master/challenges/zurikela/hackers/harshnikam4536/download_solution","harshnikam4536","zurikela"
"https://www.hackerrank.com/rest/contests/master/challenges/modify-the-sequence/hackers/harshnikam4536/download_solution","harshnikam4536","modify-the-sequence"
"https://www.hackerrank.com/rest/contests/master/challenges/longest-mod-path/hackers/harshnikam4536/download_solution","harshnikam4536","longest-mod-path"
"https://www.hackerrank.com/rest/contests/master/challenges/p-sequences/hackers/harshnikam4536/download_solution","harshnikam4536","p-sequences"
"https://www.hackerrank.com/rest/contests/master/challenges/robot/hackers/harshnikam4536/download_solution","harshnikam4536","robot"
"https://www.hackerrank.com/rest/contests/master/challenges/lucky-numbers/hackers/harshnikam4536/download_solution","harshnikam4536","lucky-numbers"
"https://www.hackerrank.com/rest/contests/master/challenges/unfair-game/hackers/harshnikam4536/download_solution","harshnikam4536","unfair-game"
"https://www.hackerrank.com/rest/contests/master/challenges/oil-well/hackers/harshnikam4536/download_solution","harshnikam4536","oil-well"
"https://www.hackerrank.com/rest/contests/master/challenges/find-the-seed/hackers/harshnikam4536/download_solution","harshnikam4536","find-the-seed"
"https://www.hackerrank.com/rest/contests/master/challenges/the-blacklist/hackers/harshnikam4536/download_solution","harshnikam4536","the-blacklist"
"https://www.hackerrank.com/rest/contests/master/challenges/tree-pruning/hackers/harshnikam4536/download_solution","harshnikam4536","tree-pruning"
"https://www.hackerrank.com/rest/contests/master/challenges/ones-and-twos/hackers/harshnikam4536/download_solution","harshnikam4536","ones-and-twos"
"https://www.hackerrank.com/rest/contests/master/challenges/count-scorecards/hackers/harshnikam4536/download_solution","harshnikam4536","count-scorecards"
"https://www.hackerrank.com/rest/contests/master/challenges/vim-war/hackers/harshnikam4536/download_solution","harshnikam4536","vim-war"
"https://www.hackerrank.com/rest/contests/master/challenges/best-spot/hackers/harshnikam4536/download_solution","harshnikam4536","best-spot"
"https://www.hackerrank.com/rest/contests/master/challenges/divisible-numbers/hackers/harshnikam4536/download_solution","harshnikam4536","divisible-numbers"
"https://www.hackerrank.com/rest/contests/master/challenges/unique-divide-and-conquer/hackers/harshnikam4536/download_solution","harshnikam4536","unique-divide-and-conquer"
"https://www.hackerrank.com/rest/contests/master/challenges/happy-king/hackers/harshnikam4536/download_solution","harshnikam4536","happy-king"
"https://www.hackerrank.com/rest/contests/master/challenges/dortmund-dilemma/hackers/harshnikam4536/download_solution","harshnikam4536","dortmund-dilemma"
"https://www.hackerrank.com/rest/contests/master/challenges/super-kth-lis/hackers/harshnikam4536/download_solution","harshnikam4536","super-kth-lis"
"https://www.hackerrank.com/rest/contests/master/challenges/count-ways-1/hackers/harshnikam4536/download_solution","harshnikam4536","count-ways-1"
"https://www.hackerrank.com/rest/contests/master/challenges/hard-drive-disks/hackers/harshnikam4536/download_solution","harshnikam4536","hard-drive-disks"
"https://www.hackerrank.com/rest/contests/master/challenges/separate-the-chocolate/hackers/harshnikam4536/download_solution","harshnikam4536","separate-the-chocolate"
"https://www.hackerrank.com/rest/contests/master/challenges/lonely-integer/hackers/harshnikam4536/download_solution","harshnikam4536","lonely-integer"
"https://www.hackerrank.com/rest/contests/master/challenges/maximizing-xor/hackers/harshnikam4536/download_solution","harshnikam4536","maximizing-xor"
"https://www.hackerrank.com/rest/contests/master/challenges/counter-game/hackers/harshnikam4536/download_solution","harshnikam4536","counter-game"
"https://www.hackerrank.com/rest/contests/master/challenges/xor-se/hackers/harshnikam4536/download_solution","harshnikam4536","xor-se"
"https://www.hackerrank.com/rest/contests/master/challenges/sum-vs-xor/hackers/harshnikam4536/download_solution","harshnikam4536","sum-vs-xor"
"https://www.hackerrank.com/rest/contests/master/challenges/the-great-xor/hackers/harshnikam4536/download_solution","harshnikam4536","the-great-xor"
"https://www.hackerrank.com/rest/contests/master/challenges/flipping-bits/hackers/harshnikam4536/download_solution","harshnikam4536","flipping-bits"
"https://www.hackerrank.com/rest/contests/master/challenges/yet-another-minimax-problem/hackers/harshnikam4536/download_solution","harshnikam4536","yet-another-minimax-problem"
"https://www.hackerrank.com/rest/contests/master/challenges/sansa-and-xor/hackers/harshnikam4536/download_solution","harshnikam4536","sansa-and-xor"
"https://www.hackerrank.com/rest/contests/master/challenges/and-product/hackers/harshnikam4536/download_solution","harshnikam4536","and-product"
"https://www.hackerrank.com/rest/contests/master/challenges/winning-lottery-ticket/hackers/harshnikam4536/download_solution","harshnikam4536","winning-lottery-ticket"
"https://www.hackerrank.com/rest/contests/master/challenges/xoring-ninja/hackers/harshnikam4536/download_solution","harshnikam4536","xoring-ninja"
"https://www.hackerrank.com/rest/contests/master/challenges/cipher/hackers/harshnikam4536/download_solution","harshnikam4536","cipher"
"https://www.hackerrank.com/rest/contests/master/challenges/xor-matrix/hackers/harshnikam4536/download_solution","harshnikam4536","xor-matrix"
"https://www.hackerrank.com/rest/contests/master/challenges/whats-next/hackers/harshnikam4536/download_solution","harshnikam4536","whats-next"
"https://www.hackerrank.com/rest/contests/master/challenges/string-transmission/hackers/harshnikam4536/download_solution","harshnikam4536","string-transmission"
"https://www.hackerrank.com/rest/contests/master/challenges/aorb/hackers/harshnikam4536/download_solution","harshnikam4536","aorb"
"https://www.hackerrank.com/rest/contests/master/challenges/manipulative-numbers/hackers/harshnikam4536/download_solution","harshnikam4536","manipulative-numbers"
"https://www.hackerrank.com/rest/contests/master/challenges/stonegame/hackers/harshnikam4536/download_solution","harshnikam4536","stonegame"
"https://www.hackerrank.com/rest/contests/master/challenges/2s-complement/hackers/harshnikam4536/download_solution","harshnikam4536","2s-complement"
"https://www.hackerrank.com/rest/contests/master/challenges/changing-bits/hackers/harshnikam4536/download_solution","harshnikam4536","changing-bits"
"https://www.hackerrank.com/rest/contests/master/challenges/xor-key/hackers/harshnikam4536/download_solution","harshnikam4536","xor-key"
"https://www.hackerrank.com/rest/contests/master/challenges/maximizing-the-function/hackers/harshnikam4536/download_solution","harshnikam4536","maximizing-the-function"
"https://www.hackerrank.com/rest/contests/master/challenges/xor-subsequence/hackers/harshnikam4536/download_solution","harshnikam4536","xor-subsequence"
"https://www.hackerrank.com/rest/contests/master/challenges/iterate-it/hackers/harshnikam4536/download_solution","harshnikam4536","iterate-it"
"https://www.hackerrank.com/rest/contests/master/challenges/hamming-distance/hackers/harshnikam4536/download_solution","harshnikam4536","hamming-distance"
"https://www.hackerrank.com/rest/contests/master/challenges/pmix/hackers/harshnikam4536/download_solution","harshnikam4536","pmix"
"https://www.hackerrank.com/rest/contests/master/challenges/the-power-sum/hackers/harshnikam4536/download_solution","harshnikam4536","the-power-sum"
"https://www.hackerrank.com/rest/contests/master/challenges/crossword-puzzle/hackers/harshnikam4536/download_solution","harshnikam4536","crossword-puzzle"
"https://www.hackerrank.com/rest/contests/master/challenges/recursive-digit-sum/hackers/harshnikam4536/download_solution","harshnikam4536","recursive-digit-sum"
"https://www.hackerrank.com/rest/contests/master/challenges/simplified-chess-engine/hackers/harshnikam4536/download_solution","harshnikam4536","simplified-chess-engine"
"https://www.hackerrank.com/rest/contests/master/challenges/password-cracker/hackers/harshnikam4536/download_solution","harshnikam4536","password-cracker"
"https://www.hackerrank.com/rest/contests/master/challenges/arithmetic-expressions/hackers/harshnikam4536/download_solution","harshnikam4536","arithmetic-expressions"
"https://www.hackerrank.com/rest/contests/master/challenges/stone-division-2/hackers/harshnikam4536/download_solution","harshnikam4536","stone-division-2"
"https://www.hackerrank.com/rest/contests/master/challenges/k-factorization/hackers/harshnikam4536/download_solution","harshnikam4536","k-factorization"
"https://www.hackerrank.com/rest/contests/master/challenges/bowling-pins/hackers/harshnikam4536/download_solution","harshnikam4536","bowling-pins"
"https://www.hackerrank.com/rest/contests/master/challenges/simplified-chess-engine-ii/hackers/harshnikam4536/download_solution","harshnikam4536","simplified-chess-engine-ii"
"https://www.hackerrank.com/rest/contests/master/challenges/repeat-k-sums/hackers/harshnikam4536/download_solution","harshnikam4536","repeat-k-sums"
"https://www.hackerrank.com/rest/contests/master/challenges/game-of-stones-1/hackers/harshnikam4536/download_solution","harshnikam4536","game-of-stones-1"
"https://www.hackerrank.com/rest/contests/master/challenges/tower-breakers-1/hackers/harshnikam4536/download_solution","harshnikam4536","tower-breakers-1"
"https://www.hackerrank.com/rest/contests/master/challenges/a-chessboard-game-1/hackers/harshnikam4536/download_solution","harshnikam4536","a-chessboard-game-1"
"https://www.hackerrank.com/rest/contests/master/challenges/nim-game-1/hackers/harshnikam4536/download_solution","harshnikam4536","nim-game-1"
"https://www.hackerrank.com/rest/contests/master/challenges/misere-nim-1/hackers/harshnikam4536/download_solution","harshnikam4536","misere-nim-1"
"https://www.hackerrank.com/rest/contests/master/challenges/nimble-game-1/hackers/harshnikam4536/download_solution","harshnikam4536","nimble-game-1"
"https://www.hackerrank.com/rest/contests/master/challenges/alice-and-bobs-silly-game/hackers/harshnikam4536/download_solution","harshnikam4536","alice-and-bobs-silly-game"
"https://www.hackerrank.com/rest/contests/master/challenges/poker-nim-1/hackers/harshnikam4536/download_solution","harshnikam4536","poker-nim-1"
"https://www.hackerrank.com/rest/contests/master/challenges/tower-breakers-revisited-1/hackers/harshnikam4536/download_solution","harshnikam4536","tower-breakers-revisited-1"
"https://www.hackerrank.com/rest/contests/master/challenges/tower-breakers-again-1/hackers/harshnikam4536/download_solution","harshnikam4536","tower-breakers-again-1"
"https://www.hackerrank.com/rest/contests/master/challenges/zero-move-nim/hackers/harshnikam4536/download_solution","harshnikam4536","zero-move-nim"
"https://www.hackerrank.com/rest/contests/master/challenges/chessboard-game-again-1/hackers/harshnikam4536/download_solution","harshnikam4536","chessboard-game-again-1"
"https://www.hackerrank.com/rest/contests/master/challenges/digits-square-board-1/hackers/harshnikam4536/download_solution","harshnikam4536","digits-square-board-1"
"https://www.hackerrank.com/rest/contests/master/challenges/fun-game-1/hackers/harshnikam4536/download_solution","harshnikam4536","fun-game-1"
"https://www.hackerrank.com/rest/contests/master/challenges/stone-division/hackers/harshnikam4536/download_solution","harshnikam4536","stone-division"
"https://www.hackerrank.com/rest/contests/master/challenges/chocolate-in-box/hackers/harshnikam4536/download_solution","harshnikam4536","chocolate-in-box"
"https://www.hackerrank.com/rest/contests/master/challenges/kitty-and-katty/hackers/harshnikam4536/download_solution","harshnikam4536","kitty-and-katty"
"https://www.hackerrank.com/rest/contests/master/challenges/powers-game-1/hackers/harshnikam4536/download_solution","harshnikam4536","powers-game-1"
"https://www.hackerrank.com/rest/contests/master/challenges/deforestation-1/hackers/harshnikam4536/download_solution","harshnikam4536","deforestation-1"
"https://www.hackerrank.com/rest/contests/master/challenges/bob-and-ben/hackers/harshnikam4536/download_solution","harshnikam4536","bob-and-ben"
"https://www.hackerrank.com/rest/contests/master/challenges/tower-breakers-the-final-battle-1/hackers/harshnikam4536/download_solution","harshnikam4536","tower-breakers-the-final-battle-1"
"https://www.hackerrank.com/rest/contests/master/challenges/simple-game/hackers/harshnikam4536/download_solution","harshnikam4536","simple-game"
"https://www.hackerrank.com/rest/contests/master/challenges/permutation-game/hackers/harshnikam4536/download_solution","harshnikam4536","permutation-game"
"https://www.hackerrank.com/rest/contests/master/challenges/move-the-coins/hackers/harshnikam4536/download_solution","harshnikam4536","move-the-coins"
"https://www.hackerrank.com/rest/contests/master/challenges/benders-play/hackers/harshnikam4536/download_solution","harshnikam4536","benders-play"
"https://www.hackerrank.com/rest/contests/master/challenges/newyear-game/hackers/harshnikam4536/download_solution","harshnikam4536","newyear-game"
"https://www.hackerrank.com/rest/contests/master/challenges/stone-piles/hackers/harshnikam4536/download_solution","harshnikam4536","stone-piles"
"https://www.hackerrank.com/rest/contests/master/challenges/chocolate-game/hackers/harshnikam4536/download_solution","harshnikam4536","chocolate-game"
"https://www.hackerrank.com/rest/contests/master/challenges/the-prime-game/hackers/harshnikam4536/download_solution","harshnikam4536","the-prime-game"
"https://www.hackerrank.com/rest/contests/master/challenges/vertical-rooks/hackers/harshnikam4536/download_solution","harshnikam4536","vertical-rooks"
"https://www.hackerrank.com/rest/contests/master/challenges/half/hackers/harshnikam4536/download_solution","harshnikam4536","half"
"https://www.hackerrank.com/rest/contests/master/challenges/taste-of-win/hackers/harshnikam4536/download_solution","harshnikam4536","taste-of-win"
"https://www.hackerrank.com/rest/contests/master/challenges/walking-the-approximate-longest-path/hackers/harshnikam4536/download_solution","harshnikam4536","walking-the-approximate-longest-path"
"https://www.hackerrank.com/rest/contests/master/challenges/sams-puzzle/hackers/harshnikam4536/download_solution","harshnikam4536","sams-puzzle"
"https://www.hackerrank.com/rest/contests/master/challenges/spies-revised/hackers/harshnikam4536/download_solution","harshnikam4536","spies-revised"
"https://www.hackerrank.com/rest/contests/master/challenges/tbsp/hackers/harshnikam4536/download_solution","harshnikam4536","tbsp"
"https://www.hackerrank.com/rest/contests/master/challenges/prime-date/hackers/harshnikam4536/download_solution","harshnikam4536","prime-date"
"https://www.hackerrank.com/rest/contests/master/challenges/minimum-operations/hackers/harshnikam4536/download_solution","harshnikam4536","minimum-operations"
"https://www.hackerrank.com/rest/contests/master/challenges/strings-xor/hackers/harshnikam4536/download_solution","harshnikam4536","strings-xor"
"https://www.hackerrank.com/rest/contests/master/challenges/zig-zag-sequence/hackers/harshnikam4536/download_solution","harshnikam4536","zig-zag-sequence"
"https://www.hackerrank.com/rest/contests/master/challenges/smart-number/hackers/harshnikam4536/download_solution","harshnikam4536","smart-number"
